date,old_sql_swe_mm,old_zonal_area_m2,old_zonal_mean_swe_mm,new_area_m2,new_mean_swe_mm,new_zonal_weighted_mean_swe_mm
2023-10-01,0.011769637559654333,19094472001.5,0.09371979311529532,19111977644.75,0.09358790130345969,0.09348467443547342
2023-10-02,0.008093641171159554,19094472001.5,0.08367414821390143,19111977644.75,0.0835624962558111,0.08347032734669503
2023-10-03,0.004062943376757385,19094472001.5,0.07229705630897408,19111977644.75,0.07221998264176772,0.07214032445400734
2023-10-04,0.00032245582355217337,19094472001.5,0.018500737654691804,19111977644.75,0.01851088896247046,0.01849047156807841
2023-10-05,0.0,19094472001.5,0.002489381047150169,19111977644.75,0.0024820505158173333,0.0024793128296702665
2023-10-06,0.0,19094472001.5,0.0006465581000626468,19111977644.75,0.0006434258215846116,0.0006427161269401265
2023-10-07,0.0,19094472001.5,0.0,19111977644.75,0.0,0.0
2023-10-08,0.0,19094472001.5,0.0,19111977644.75,0.0,0.0
2023-10-09,0.0,19094472001.5,0.0,19111977644.75,0.0,0.0
2023-10-10,0.0,19094472001.5,0.00038796793721926874,19111977644.75,0.0003881751418841338,0.00038774698713796746
2023-10-11,0.4866825744872957,19094472001.5,0.37944000477831874,19111977644.75,0.37940766823731725,0.38112367567280786
2023-10-12,1.020443699213209,19094472001.5,0.8162034295836654,19111977644.75,0.8151847707347647,0.8178404121257052
2023-10-13,0.5050625564297666,19094472001.5,0.5628418482111054,19111977644.75,0.5616647947270779,0.5622216526520336
2023-10-14,0.2497742809235125,19094472001.5,0.43527788785046845,19111977644.75,0.4343283835670053,0.434212538016134
2023-10-15,0.07123049142267494,19094472001.5,0.30006913873872965,19111977644.75,0.29940433645716796,0.29908462828188787
2023-10-16,0.0004514381529730427,19094472001.5,0.12539801373018025,19111977644.75,0.12515986998517883,0.12502181943381274
2023-10-17,0.0,19094472001.5,0.030573399601452743,19111977644.75,0.03053658883941914,0.030502907173509605
2023-10-18,0.0,19094472001.5,0.016531235177130295,19111977644.75,0.01651576227685116,0.016497545494676323
2023-10-19,0.0,19094472001.5,0.005013625790521513,19111977644.75,0.005009123300027571,0.005003598268453861
2023-10-20,0.0,19094472001.5,0.0011314767329164322,19111977644.75,0.0011326500642209521,0.0011314007583061324
2023-10-21,0.0,19094472001.5,0.0006465581000626468,19111977644.75,0.0006472286156092562,0.0006465147265068198
2023-10-22,0.0,19094472001.5,0.0004202627904757125,19111977644.75,0.00042069861324126273,0.00042023458531023503
2023-10-23,0.0,19094472001.5,0.0004202627904757125,19111977644.75,0.00042069861324126273,0.00042023458531023503
2023-10-24,0.0,19094472001.5,0.0003232790500313234,19111977644.75,0.0003236143078046281,0.0003232573632534099
2023-10-25,0.23352250741648298,19094472001.5,1.0761781898766045,19111977644.75,1.073140683641531,1.077499881644135
2023-10-26,3.9894879401523275,19094472001.5,7.148069146178063,19111977644.75,7.136776529236174,7.1537965089217925
2023-10-27,4.070166387205076,19094472001.5,7.071813304451308,19111977644.75,7.060649477052426,7.077820585615695
2023-10-28,3.8610215400491112,19094472001.5,6.916830425327113,19111977644.75,6.905755489114697,6.922951126932032
2023-10-29,3.4997420353412534,19094472001.5,6.521454359779316,19111977644.75,6.510564118499394,6.527449313415456
2023-10-30,2.86656778021415,19094472001.5,5.59567468210383,19111977644.75,5.584372091161235,5.601183716371439
2023-10-31,2.2623500580420752,19094472001.5,4.349305364391162,19111977644.75,4.338442928763021,4.354879474606686
2023-11-01,1.7176576808977342,19094472001.5,3.140737611836346,19111977644.75,3.1322579890954,3.146576570193538
2023-11-02,0.7514510512059898,19094472001.5,1.6593495971365526,19111977644.75,1.654898222653896,1.6635550947121291
2023-11-03,0.00206371727073391,19094472001.5,0.03643923202518227,19111977644.75,0.0364376106133147,0.036447138224313926
2023-11-04,0.0,19094472001.5,0.015363261209267235,19111977644.75,0.015309659631072958,0.015292773172549574
2023-11-05,0.025054817490003888,19094472001.5,0.04123367207066208,19111977644.75,0.041160666403521465,0.041115266446712026
2023-11-06,0.05546240165097375,19094472001.5,0.10406825950756834,19111977644.75,0.10396369900676723,0.10392586778738593
2023-11-07,3.4749451825100333,19094472001.5,2.13970708992458,19111977644.75,2.140753506859598,2.1549884465532343
2023-11-08,3.657906616793538,19094472001.5,2.8889523403937893,19111977644.75,2.887814010843394,2.9052204636309344
2023-11-09,3.514800722301082,19094472001.5,2.791275116424083,19111977644.75,2.790141488972979,2.807346972495706
2023-11-10,3.370953179414456,19094472001.5,2.719956523415043,19111977644.75,2.7182304661549295,2.7352353905839677
2023-11-11,3.3816264671740353,19094472001.5,2.7987522353039944,19111977644.75,2.7966097034208923,2.814376963353251
2023-11-12,3.1962788597962435,19094472001.5,2.5502230412621825,19111977644.75,2.5485328892508172,2.565503951652207
2023-11-13,2.9439249322842973,19094472001.5,2.2864711469909267,19111977644.75,2.285189561611244,2.300513625206476
2023-11-14,2.937572552560321,19094472001.5,2.321130817553262,19111977644.75,2.3199419070849427,2.3352476132077977
2023-11-15,2.8543144589191467,19094472001.5,2.1034521947927143,19111977644.75,2.102497547173849,2.1156888626058077
2023-11-16,2.5605894492454686,19094472001.5,1.671891669845919,19111977644.75,1.6717042496863252,1.6807442252665694
2023-11-17,2.37766026054431,19094472001.5,1.496566185508641,19111977644.75,1.496530343419571,1.5040574968572145
2023-11-18,2.0006771572294597,19094472001.5,1.2871413621314387,19111977644.75,1.2867726936943766,1.292392679014836
2023-11-19,3.1246291758030003,19094472001.5,1.4445093701691236,19111977644.75,1.4435609584120361,1.4490959534303183
2023-11-20,6.65036115052245,19094472001.5,3.1224838845914786,19111977644.75,3.1202536250084663,3.131628451839265
2023-11-21,5.472881465239362,19094472001.5,2.4752647497883937,19111977644.75,2.4733109051124957,2.4838986000024206
2023-11-22,4.102798916548561,19094472001.5,1.817146816500048,19111977644.75,1.8158727541170137,1.823701349793126
2023-11-23,3.752095962853183,19094472001.5,1.7281492415683757,19111977644.75,1.7268624807317408,1.7342818243502347
2023-11-24,3.5220559783310263,19094472001.5,1.6865375018692768,19111977644.75,1.685302719672719,1.692532172114514
2023-11-25,3.3575390171546893,19094472001.5,1.6244081739303957,19111977644.75,1.6232344276470838,1.6301782206886921
2023-11-26,3.1471365922869015,19094472001.5,1.547297315075051,19111977644.75,1.5461844216097944,1.5526659465092303
2023-11-27,2.9410873210370463,19094472001.5,1.483678434947445,19111977644.75,1.4825734600636162,1.4886453557363797
2023-11-28,2.7038243260673536,19094472001.5,1.4096422450869581,19111977644.75,1.4085630076309867,1.414170090295375
2023-11-29,2.5767444860054414,19094472001.5,1.3621814851930232,19111977644.75,1.361185745888846,1.366531753302512
2023-11-30,2.5272152715078215,19094472001.5,1.3425837951722892,19111977644.75,1.3416249837893746,1.3468485124838643
2023-12-01,5.5754546627112775,19094472001.5,4.009407026934216,19111977644.75,4.004468640858941,4.014684229568086
2023-12-02,12.317586740616022,19094472001.5,10.460900784893662,19111977644.75,10.442434521371013,10.46429495567836
2023-12-03,19.89800722301005,19094472001.5,13.664515509756075,19111977644.75,13.643667206713156,13.687347677457325
2023-12-04,16.606442667354475,19094472001.5,10.457404055232148,19111977644.75,10.44113957056687,10.48249414784697
2023-12-05,12.93109119050682,19094472001.5,5.696334358415115,19111977644.75,5.694509536332135,5.721793454450494
2023-12-06,9.713691474267987,19094472001.5,3.455540128578376,19111977644.75,3.4573401035170077,3.4724251304023612
2023-12-07,11.063910744227465,19094472001.5,4.161049638943088,19111977644.75,4.161451074383903,4.178741817728411
2023-12-08,22.490842254610385,19094472001.5,11.276009784092498,19111977644.75,11.26721132890584,11.292803457394719
2023-12-09,22.870114794272585,19094472001.5,14.126830399345431,19111977644.75,14.113762241730711,14.142368037282134
2023-12-10,22.483038823680488,19094472001.5,14.654456761950835,19111977644.75,14.637165008186134,14.665837388109667
2023-12-11,22.794853605055334,19094472001.5,10.990451861542102,19111977644.75,10.982933778963377,11.016743736694876
2023-12-12,28.47233329033912,19094472001.5,16.17027788441733,19111977644.75,16.163887301310293,16.217757828169095
2023-12-13,26.937411324648206,19094472001.5,14.974532335676734,19111977644.75,14.968526092889205,15.019780891962457
2023-12-14,25.89159035212151,19094472001.5,13.81110417644801,19111977644.75,13.805559966076586,13.853979230221693
2023-12-15,25.11256932800198,19094472001.5,12.783139837873952,19111977644.75,12.77826434694142,12.824234646619544
2023-12-16,24.88082032761472,19094472001.5,15.983784963648635,19111977644.75,15.981607358848649,16.037043624548023
2023-12-17,23.919579517605733,19094472001.5,15.162296759230557,19111977644.75,15.159677002479995,15.213603467251604
2023-12-18,22.704856184702237,19094472001.5,13.821225478070135,19111977644.75,13.817450378113694,13.86826521098338
2023-12-19,20.305139945827182,19094472001.5,11.933656228789893,19111977644.75,11.927767167523479,11.973678039353306
2023-12-20,18.17725396620619,19094472001.5,11.860892963807897,19111977644.75,11.850642064901232,11.89709335244452
2023-12-21,16.748677931123332,19094472001.5,10.739554905149243,19111977644.75,10.730388872425474,10.773099217025104
2023-12-22,15.845027731200712,19094472001.5,9.74542786000718,19111977644.75,9.737649897426587,9.77684100353636
2023-12-23,15.804398297433107,19094472001.5,10.692215796372647,19111977644.75,10.681652818494664,10.720788176995315
2023-12-24,15.361892170772494,19094472001.5,10.320112203253323,19111977644.75,10.309697778857624,10.347512736467273
2023-12-25,15.210112214626442,19094472001.5,9.96044616998334,19111977644.75,9.950495466218278,9.987370858454842
2023-12-26,15.900264413774938,19094472001.5,9.280471378112168,19111977644.75,9.272499583762876,9.309772123230465
2023-12-27,18.338062685411867,19094472001.5,10.33390420701261,19111977644.75,10.323873243575006,10.366941238214208
2023-12-28,18.39484715593948,19094472001.5,10.05610014275079,19111977644.75,10.046885264646594,10.090691192223085
2023-12-29,17.827260415322986,19094472001.5,10.240647906138578,19111977644.75,10.232779473341878,10.278176600988266
2023-12-30,15.513897845995022,19094472001.5,9.060364225359937,19111977644.75,9.0523472202283,9.092852094773043
2023-12-31,15.266058300012768,19094472001.5,8.879201277605446,19111977644.75,8.871267434934936,8.91126090938388
2024-01-01,14.816329162904584,19094472001.5,8.60289655020282,19111977644.75,8.595212904910918,8.633771361628217
2024-01-02,14.43960402424865,19094472001.5,8.377094097271273,19111977644.75,8.369592084888819,8.406910095033197
2024-01-03,16.293789500837672,19094472001.5,8.332189446138115,19111977644.75,8.325361571385663,8.362226387445906
2024-01-04,16.53869469882557,19094472001.5,8.39391587598591,19111977644.75,8.386345463259733,8.422567285903485
2024-01-05,20.436734167418063,19094472001.5,11.591389398811732,19111977644.75,11.581530484597767,11.631419307338417
2024-01-06,20.192086934089545,19094472001.5,11.422054654292873,19111977644.75,11.412503427926683,11.462222686195142
2024-01-07,36.0040951889587,19094472001.5,26.37000034277367,19111977644.75,26.358230634249047,26.412193758730353
2024-01-08,39.94240938991405,19094472001.5,34.601035636786165,19111977644.75,34.57349348854467,34.630659477661276
2024-01-09,42.42341674190625,19094472001.5,39.71996028811953,19111977644.75,39.682961906979,39.74735313923232
2024-01-10,52.238617309427404,19094472001.5,49.23341346369003,19111977644.75,49.18844001383635,49.27237092988787
2024-01-11,72.38501225332065,19094472001.5,63.7281193305076,19111977644.75,63.668851600540115,63.75949702739647
2024-01-12,74.28234231910216,19094472001.5,74.85958586185005,19111977644.75,74.78247021438624,74.87610134030139
2024-01-13,81.48890751966982,19094472001.5,85.54012636045738,19111977644.75,85.45853428130093,85.56460267188922
2024-01-14,97.54333806268505,19094472001.5,105.04385956909516,19111977644.75,104.94229643335994,105.06225538419656
2024-01-15,93.78156842512543,19094472001.5,104.4370703857199,19111977644.75,104.32688106451059,104.44997212456903
2024-01-16,91.13053011737301,19094472001.5,102.93324896481181,19111977644.75,102.81735692323431,102.94179018264126
2024-01-17,100.01489745904823,19094472001.5,112.74705555265052,19111977644.75,112.64020256756812,112.76957719773493
2024-01-18,101.23349026183404,19094472001.5,111.04350056026772,19111977644.75,110.9082672269891,111.0635089639658
2024-01-19,96.75967367470597,19094472001.5,102.94874889820049,19111977644.75,102.81921845901121,102.98302278768762
2024-01-20,90.93947504191891,19094472001.5,97.20082038388189,19111977644.75,97.0683463706387,97.23654407149772
2024-01-21,88.80481749000383,19094472001.5,94.72496549953608,19111977644.75,94.58491234746052,94.75902681066313
2024-01-22,86.77447439700816,19094472001.5,88.99475661318395,19111977644.75,88.86041563574362,89.04355867698672
2024-01-23,85.42051463949382,19094472001.5,83.67827108216646,19111977644.75,83.55171778402715,83.74213458401152
2024-01-24,82.93670192183609,19094472001.5,79.57616887213628,19111977644.75,79.45443965496735,79.64691681775183
2024-01-25,84.89878111698695,19094472001.5,82.57452460650435,19111977644.75,82.44684961260567,82.65416816393756
2024-01-26,84.11237585450833,19094472001.5,80.18045363692157,19111977644.75,80.05846675765495,80.26861309683534
2024-01-27,84.30942860828064,19094472001.5,78.68755814916942,19111977644.75,78.56643675029136,78.78490806463861
2024-01-28,78.09844576293067,19094472001.5,68.5883948138032,19111977644.75,68.48829636740594,68.70338562154504
2024-01-29,71.0247968528313,19094472001.5,60.10613302104451,19111977644.75,60.02248407281777,60.228686332283544
2024-01-30,68.76315619760086,19094472001.5,60.74333196642654,19111977644.75,60.63991318214851,60.84008645187629
2024-01-31,61.16896685154127,19094472001.5,54.926990070994215,19111977644.75,54.831272910535745,55.02198611346376
2024-02-01,55.38430285050932,19094472001.5,46.65157449748793,19111977644.75,46.56917476356708,46.74381952890336
2024-02-02,57.186379466013136,19094472001.5,51.051192388612655,19111977644.75,50.95280295637526,51.13571479204737
2024-02-03,61.455759061004514,19094472001.5,51.38600998872881,19111977644.75,51.29202812147659,51.4778342204318
2024-02-04,60.8444473107142,19094472001.5,50.47019939429487,19111977644.75,50.378984738036976,50.56340429596981
2024-02-05,63.46169224816344,19094472001.5,49.67203877004533,19111977644.75,49.583360632369185,49.76699975705787
2024-02-06,65.27953695343722,19094472001.5,53.37887968742394,19111977644.75,53.285469308114465,53.48059734989728
2024-02-07,67.34312524184341,19094472001.5,55.125737158621256,19111977644.75,55.03060812142871,55.22991829093368
2024-02-08,70.16358183928999,19094472001.5,55.52371697866872,19111977644.75,55.43074393482596,55.632178665245334
2024-02-09,75.57113375467584,19094472001.5,60.80931561863228,19111977644.75,60.71517928002014,60.92134498302125
2024-02-10,75.52366825744924,19094472001.5,60.94875304727313,19111977644.75,60.85466195073251,61.06130367152796
2024-02-11,74.86621307880898,19094472001.5,60.37052925394697,19111977644.75,60.27731126027976,60.48446700821312
2024-02-12,73.26770282471335,19094472001.5,58.96589539395416,19111977644.75,58.87510291076229,59.08366667886636
2024-02-13,73.0276022184968,19094472001.5,63.459996466413216,19111977644.75,63.34937983918122,63.55892813536934
2024-02-14,72.58712756352402,19094472001.5,62.88505257150705,19111977644.75,62.77597905335118,62.985857424351835
2024-02-15,82.61569714949052,19094472001.5,66.77397657634366,19111977644.75,66.66514772635865,66.88290892272278
2024-02-16,88.81571649684011,19094472001.5,73.70677515548057,19111977644.75,73.59240630303076,73.82679143684294
2024-02-17,87.65045788726907,19094472001.5,73.98767244012873,19111977644.75,73.86904012942588,74.10595716951737
2024-02-18,87.28933961047295,19094472001.5,73.2700770308672,19111977644.75,73.15111689505254,73.39005568438354
2024-02-19,87.23271636785798,19094472001.5,73.09210614323703,19111977644.75,72.97405383677152,73.21661218185116
2024-02-20,91.7036630981555,19094472001.5,71.94666284809078,19111977644.75,71.82974169692974,72.0749498130401
2024-02-21,92.10325035470147,19094472001.5,73.65254043517915,19111977644.75,73.52641872439723,73.77667076547021
2024-02-22,92.98110408874022,19094472001.5,75.08726034613261,19111977644.75,74.96180198087607,75.22018160797185
2024-02-23,91.75212820843534,19094472001.5,74.06434235752292,19111977644.75,73.94139240500176,74.20069324368242
2024-02-24,90.18305817103074,19094472001.5,74.10498605042324,19111977644.75,73.9782645005467,74.23695976020167
2024-02-25,88.23413517348152,19094472001.5,72.48211920593394,19111977644.75,72.35889227797091,72.61802955962906
2024-02-26,85.5925448213592,19094472001.5,71.2909123908361,19111977644.75,71.16717532929253,71.42661107889892
2024-02-27,94.83848187798368,19094472001.5,89.63864715652123,19111977644.75,89.48224832255278,89.75875325497316
2024-02-28,94.51328517993144,19094472001.5,90.54453276518623,19111977644.75,90.38511599663876,90.66354474848087
2024-02-29,93.167644782665,19094472001.5,89.14185183579126,19111977644.75,88.98336696870311,89.26639209354973
2024-03-01,115.02089513736676,19094472001.5,110.02303134568992,19111977644.75,109.84805349419229,110.14902432493962
2024-03-02,143.0489487940157,19094472001.5,121.24363392571779,19111977644.75,121.07942343518843,121.38240071422385
2024-03-03,160.79259641429013,19094472001.5,126.2027459780654,19111977644.75,126.04134474057986,126.34723072523869
2024-03-04,169.76757384238311,19094472001.5,131.89284592430022,19111977644.75,131.7272054415176,132.03401413642032
2024-03-05,178.47629949696594,19094472001.5,140.51904389994027,19111977644.75,140.35696065756247,140.66713304041815
2024-03-06,191.4245130917068,19094472001.5,148.37058462548404,19111977644.75,148.19799515913763,148.50981632996124
2024-03-07,189.0471752869855,19094472001.5,147.50249944051114,19111977644.75,147.32992032786893,147.64193251684483
2024-03-08,187.3481555526902,19094472001.5,146.7592799026193,19111977644.75,146.58631171488327,146.89861924142122
2024-03-09,182.9359602734428,19094472001.5,144.05399846857122,19111977644.75,143.87985555075,144.19323564516836
2024-03-10,179.72249451825013,19094472001.5,141.59416078106224,19111977644.75,141.4221154593573,141.74133179486256
2024-03-11,180.55830001289667,19094472001.5,142.25043998012225,19111977644.75,142.07108592440645,142.3987018720906
2024-03-12,177.43170385657086,19094472001.5,144.07208920563684,19111977644.75,143.89204120426334,144.2233705787861
2024-03-13,180.62204952921547,19094472001.5,145.96427676628227,19111977644.75,145.77898006011645,146.1218846939384
2024-03-14,177.96897974977506,19094472001.5,147.28466079349565,19111977644.75,147.08959428559353,147.43103477907016
2024-03-15,172.70985424996792,19094472001.5,144.07800634846714,19111977644.75,143.88265519339728,144.22637840531596
2024-03-16,164.58467689926505,19094472001.5,137.96165451336205,19111977644.75,137.76890870936293,138.11658510408353
2024-03-17,158.08290339223447,19094472001.5,131.6822656283604,19111977644.75,131.4931998278946,131.8436307855397
2024-03-18,151.44714949052053,19094472001.5,126.18736420260352,19111977644.75,126.00130805783935,126.35364077483975
2024-03-19,144.17718947504184,19094472001.5,120.28880222884742,19111977644.75,120.10637133875204,120.46009547209533
2024-03-20,139.9937121114406,19094472001.5,123.78437379040935,19111977644.75,123.58415028056447,123.94160461910839
2024-03-21,134.4035857087579,19094472001.5,119.07161952096232,19111977644.75,118.87825573720563,119.23386225551832
2024-03-22,129.96269186121486,19094472001.5,115.54877017450465,19111977644.75,115.35929368455939,115.71295113517137
2024-03-23,131.67312653166488,19094472001.5,119.52584539019529,19111977644.75,119.32447490955343,119.68400197520376
2024-03-24,133.71320779053983,19094472001.5,118.02106671686393,19111977644.75,117.82295131717612,118.18418773462591
2024-03-25,133.4915194118423,19094472001.5,117.00094827353091,19111977644.75,116.8045671572461,117.16671790476487
2024-03-26,134.36995356636146,19094472001.5,121.99785913022173,19111977644.75,121.78247352283144,122.15295295369168
2024-03-27,132.95840319876183,19094472001.5,121.11775611793077,19111977644.75,120.90137577990942,121.27268433997963
2024-03-28,142.6744163549616,19094472001.5,127.67701487740368,19111977644.75,127.45768029390861,127.84719844468682
2024-03-29,148.77505481749134,19094472001.5,130.23311777098834,19111977644.75,130.01874666822565,130.41534559303707
2024-03-30,147.62624145492092,19094472001.5,128.91810123694825,19111977644.75,128.7058188498598,129.10368448622958
2024-03-31,144.37685412098568,19094472001.5,126.62844179194983,19111977644.75,126.41867326082202,126.8175133367808
2024-04-01,141.5857087579002,19094472001.5,124.63197234724163,19111977644.75,124.42443647027416,124.8239646612778
2024-04-02,137.52840835805515,19094472001.5,121.6898559258835,19111977644.75,121.48436986040012,121.88361318679063
2024-04-03,130.9730749387334,19094472001.5,116.74522688116652,19111977644.75,116.54366752241106,116.93920455596029
2024-04-04,131.1716432348765,19094472001.5,123.20606408112265,19111977644.75,122.97746944570073,123.36757445084345
2024-04-05,131.70798400620058,19094472001.5,125.2789892240887,19111977644.75,125.05310618144921,125.44422727675283
2024-04-06,130.829130659105,19094472001.5,124.6056499187332,19111977644.75,124.37872883591461,124.76839375830424
2024-04-07,130.27905326970364,19094472001.5,124.45021796772905,19111977644.75,124.22273394112669,124.61338765379735
2024-04-08,129.60373403843786,19094472001.5,122.99459631815004,19111977644.75,122.76904633576822,123.15939213961758
2024-04-09,127.65990584289949,19094472001.5,120.79121974928518,19111977644.75,120.56845643582791,120.95819942848021
2024-04-10,128.11134399587266,19094472001.5,126.14504155278463,19111977644.75,125.90036947490866,126.29785454844156
2024-04-11,124.69724622726694,19094472001.5,122.83512993447873,19111977644.75,122.59458578436343,122.99095736014642
2024-04-12,120.3796594866507,19094472001.5,119.15693062421842,19111977644.75,118.92078246036274,119.31410619961026
2024-04-13,117.18947504191918,19094472001.5,115.87045439478804,19111977644.75,115.63936725670108,116.02853323573082
2024-04-14,114.55830001289803,19094472001.5,112.70998150693144,19111977644.75,112.48532879022775,112.87209713114886
2024-04-15,113.21391719334453,19094472001.5,109.44055172267062,19111977644.75,109.22127125254116,109.60317704095812
2024-04-16,111.57803430929957,19094472001.5,111.05265897112417,19111977644.75,110.82410340757859,111.20773303591263
2024-04-17,109.35218625048351,19094472001.5,109.5425324156665,19111977644.75,109.3151448974959,109.69683889159005
2024-04-18,107.93844318328395,19094472001.5,109.20797256374388,19111977644.75,108.98334475756464,109.36295053567626
2024-04-19,105.65871275635239,19094472001.5,107.09601123663171,19111977644.75,106.8732966355658,107.25027029993429
2024-04-20,102.82384238359325,19094472001.5,104.51747204708138,19111977644.75,104.29749735964555,104.67081199671424
2024-04-21,99.33022700889983,19094472001.5,101.4874406398589,19111977644.75,101.27049367649765,101.63811948597736
2024-04-22,96.78505094801997,19094472001.5,99.51045785476374,19111977644.75,99.29583215229813,99.65867599800235
2024-04-23,94.18334838127176,19094472001.5,97.40320393394255,19111977644.75,97.19052438775796,97.54885139572201
2024-04-24,90.24480846124074,19094472001.5,94.36064560776302,19111977644.75,94.14793355776585,94.49350999382631
2024-04-25,87.35976396233713,19094472001.5,91.88573078407558,19111977644.75,91.6764940671959,92.01546483000428
2024-04-26,86.91932155294734,19094472001.5,91.8292121203785,19111977644.75,91.61612192665979,91.95303547479995
2024-04-27,89.55207661550375,19094472001.5,91.51554259357468,19111977644.75,91.3080757214072,91.64933635613629
2024-04-28,88.56707081129879,19094472001.5,90.52017356873398,19111977644.75,90.31449986083136,90.65495207899791
2024-04-29,87.04172578356771,19094472001.5,89.31706544373257,19111977644.75,89.11270506165584,89.4511720937585
2024-04-30,86.86092480330173,19094472001.5,93.0479456339137,19111977644.75,92.82573707295973,93.16574109741842
2024-05-01,86.10547529988379,19094472001.5,93.78368308197068,19111977644.75,93.55378006730619,93.89441403285511
2024-05-02,86.65042564168698,19094472001.5,95.46902370915802,19111977644.75,95.24437056397404,95.58641303328177
2024-05-03,85.75435315361787,19094472001.5,96.25621837594326,19111977644.75,96.02144579438527,96.36813646666246
2024-05-04,83.88298078163284,19094472001.5,94.18517225559752,19111977644.75,93.95238107530712,94.29727877783375
2024-05-05,92.01080227009146,19094472001.5,97.14988285110098,19111977644.75,96.92195821479179,97.27542650142973
2024-05-06,92.00935121888399,19094472001.5,99.90873470172451,19111977644.75,99.67556786549541,100.03360811606049
2024-05-07,92.02679607893882,19094472001.5,104.69238431412016,19111977644.75,104.46321251907584,104.83720936636738
2024-05-08,90.71078937185584,19094472001.5,104.79751836992129,19111977644.75,104.56534111169472,104.9405391738421
2024-05-09,87.85328260028392,19094472001.5,104.34019602685973,19111977644.75,104.11008990563606,104.48592036304628
2024-05-10,83.06233071069286,19094472001.5,99.3214545113338,19111977644.75,99.09236521027745,99.46317988204375
2024-05-11,78.41674190635905,19094472001.5,93.56771420738369,19111977644.75,93.34220639406715,93.69962510209557
2024-05-12,74.69666580678435,19094472001.5,88.50821085991434,19111977644.75,88.28993948434191,88.63311232970088
2024-05-13,70.36405262479038,19094472001.5,83.14583915875198,19111977644.75,82.93764257855372,83.26283470934695
2024-05-14,65.754998065265,19094472001.5,80.8946731646117,19111977644.75,80.68491643239719,80.99904981741724
2024-05-15,62.33461240810011,19094472001.5,77.45059065521838,19111977644.75,77.24672933534765,77.54925109366181
2024-05-16,58.534567264284675,19094472001.5,73.64816741121689,19111977644.75,73.45090049489457,73.74080518059672
2024-05-17,54.48942344898749,19094472001.5,68.99808221339246,19111977644.75,68.81154207340225,69.08393234508007
2024-05-18,51.216464594350626,19094472001.5,65.79195254211284,19111977644.75,65.61250233981453,65.8720343347495
2024-05-19,48.91716109892948,19094472001.5,63.96136229844536,19111977644.75,63.785113996935074,64.03747967758737
2024-05-20,47.487262994969605,19094472001.5,62.81305155792938,19111977644.75,62.63899933240151,62.88728178365403
2024-05-21,45.18328389010707,19094472001.5,59.076161852260135,19111977644.75,58.90752328608763,59.139042804869305
2024-05-22,43.56887656391066,19094472001.5,58.04127391694863,19111977644.75,57.87293361833653,58.10002831434622
2024-05-23,41.88281955372103,19094472001.5,56.898376290219204,19111977644.75,56.73226303996853,56.95531002127702
2024-05-24,40.82155294724618,19094472001.5,55.82215177154884,19111977644.75,55.65781931632736,55.876894096864476
2024-05-25,39.25915774538889,19094472001.5,54.25146928881523,19111977644.75,54.090023867439065,54.302939433825124
2024-05-26,37.80146394943891,19094472001.5,53.00611378098356,19111977644.75,52.847568499406435,53.055544919325285
2024-05-27,36.319102282987245,19094472001.5,51.443795742166586,19111977644.75,51.28855482131578,51.49027735197858
2024-05-28,34.22159164194514,19094472001.5,49.12597451419653,19111977644.75,48.975836207188614,49.16781958942736
2024-05-29,29.52553850122532,19094472001.5,46.02813362443805,19111977644.75,45.88738279315607,46.06585413373045
2024-05-30,28.256868309041728,19094472001.5,44.78257194491109,19111977644.75,44.645254247488296,44.81870568143121
2024-05-31,26.813201341416164,19094472001.5,43.39223922432181,19111977644.75,43.25807672573287,43.42531984849236
2024-06-01,23.381013801109233,19094472001.5,40.977171070118025,19111977644.75,40.84986765841688,41.007615865159806
2024-06-02,21.336256932800246,19094472001.5,38.73743634559255,19111977644.75,38.616799561261814,38.76424463061381
2024-06-03,19.496130530117394,19094472001.5,36.71795105661094,19111977644.75,36.604796562076025,36.74257218199571
2024-06-04,16.50319231265317,19094472001.5,33.44813645081368,19111977644.75,33.34506976484143,33.46760302029602
2024-06-05,14.062395201857354,19094472001.5,31.04171852395314,19111977644.75,30.947250024710062,31.05829613489507
2024-06-06,12.174448600541734,19094472001.5,28.487359056092004,19111977644.75,28.401559858173105,28.50073843185684
2024-06-07,10.496452985940891,19094472001.5,26.02051878718875,19111977644.75,25.94298228662361,26.03134040297164
2024-06-08,8.408938475428858,19094472001.5,23.902162721006576,19111977644.75,23.830668474428222,23.908697002665576
2024-06-09,6.958145234102931,19094472001.5,22.057870985446534,19111977644.75,21.99186434499049,22.06126020913842
2024-06-10,5.762124338965561,19094472001.5,20.264768923289317,19111977644.75,20.20488992960094,20.26569256220371
2024-06-11,5.031697407455174,19094472001.5,18.817593508635348,19111977644.75,18.763064293565215,18.81704629575828
2024-06-12,3.843350960918358,19094472001.5,16.73062716490342,19111977644.75,16.684188490989264,16.728783405480808
2024-06-13,3.161937314587905,19094472001.5,15.707349169604846,19111977644.75,15.663726919758913,15.70403667740401
2024-06-14,2.525474010060621,19094472001.5,14.638433373047103,19111977644.75,14.59798685208898,14.633565963541184
2024-06-15,2.211498774667872,19094472001.5,13.9366724156383,19111977644.75,13.898496399145737,13.93123209796194
2024-06-16,2.0952534502773124,19094472001.5,13.731447312205487,19111977644.75,13.693213157763118,13.725253127787772
2024-06-17,2.024022958854626,19094472001.5,13.649307444338062,19111977644.75,13.611215548098471,13.643071027006956
2024-06-18,1.9206436218238097,19094472001.5,13.456719308467475,19111977644.75,13.41912593590509,13.450405992741748
2024-06-19,1.7935315361795443,19094472001.5,13.054230791848767,19111977644.75,13.018031749853469,13.047410774409254
2024-06-20,1.5432090803559915,19094472001.5,12.294770325877387,19111977644.75,12.261227803872455,12.287083967404959
2024-06-21,1.2610279891654845,19094472001.5,11.295700370525509,19111977644.75,11.26596498933184,11.287574020603186
2024-06-22,0.9476331742551275,19094472001.5,10.22264675545304,19111977644.75,10.196595345831573,10.213717883859507
2024-06-23,0.6373661808332257,19094472001.5,8.973937271128133,19111977644.75,8.952176522896059,8.9646760005742
2024-06-24,0.42406165355346354,19094472001.5,7.758012136576805,19111977644.75,7.740296501696522,7.749178397052339
2024-06-25,0.2956597446149877,19094472001.5,7.078015406444843,19111977644.75,7.061938388175146,7.069034656181275
2024-06-26,0.18502515155423704,19094472001.5,6.073108824941611,19111977644.75,6.059522562594737,6.064271933583553
2024-06-27,0.1288533470914485,19094472001.5,5.22836085922276,19111977644.75,5.217199949220853,5.220293826131651
2024-06-28,0.1119566619373146,19094472001.5,4.929022450139022,19111977644.75,4.918529692669755,4.9209780753597965
2024-06-29,0.0955759061008642,19094472001.5,4.632168044248994,19111977644.75,4.622398329038767,4.624172410141185
2024-06-30,0.07458403198761769,19094472001.5,4.286578067487636,19111977644.75,4.277691045778645,4.278760184253179
2024-07-01,0.0598800464336386,19094472001.5,3.8384444975547516,19111977644.75,3.8309127107978176,3.8311992095562464
2024-07-02,0.04404746549722689,19094472001.5,3.4449717339482113,19111977644.75,3.4386093881854927,3.4383056712783193
2024-07-03,0.028053656649039086,19094472001.5,3.0953932222670835,19111977644.75,3.0899284671200884,3.0892586203026053
2024-07-04,0.015993808848187796,19094472001.5,2.80189461125162,19111977644.75,2.796983352628174,2.7961403095286017
2024-07-05,0.009061008641816071,19094472001.5,2.514385948655657,19111977644.75,2.509906267196841,2.5089389899381
2024-07-06,0.004707855023861731,19094472001.5,2.218634587199106,19111977644.75,2.214716502463694,2.2137059148785627
2024-07-07,0.0011930865471430413,19094472001.5,1.7453483301087354,19111977644.75,1.7423304976657674,1.7413917155801584
2024-07-08,0.0,19094472001.5,1.3877975656190757,19111977644.75,1.3854263924642554,1.3845595446036976
2024-07-09,0.0,19094472001.5,1.1180832559446516,19111977644.75,1.1161634381237744,1.115352319116474
2024-07-10,0.0,19094472001.5,0.857996150100018,19111977644.75,0.8561236205635432,0.8554433513708152
2024-07-11,0.0,19094472001.5,0.6587586766460429,19111977644.75,0.6571751790115893,0.6566193855848325
2024-07-12,0.0,19094472001.5,0.5105070491206766,19111977644.75,0.5091330033021888,0.508689854639421
2024-07-13,0.0,19094472001.5,0.37730631035395495,19111977644.75,0.3760374457520259,0.3757107149670604
2024-07-14,0.0,19094472001.5,0.23784513693641932,19111977644.75,0.2367955026165999,0.23658145283108503
2024-07-15,0.0,19094472001.5,0.13387755913457863,19111977644.75,0.13310086347220287,0.1329540540548408
2024-07-16,0.0,19094472001.5,0.08364231474191908,19111977644.75,0.08305450357237043,0.08296289497599717
2024-07-17,0.0,19094472001.5,0.055436677858690914,19111977644.75,0.054998927758244366,0.05493826428597911
2024-07-18,0.0,19094472001.5,0.03490734358974702,19111977644.75,0.03460701703715703,0.034568845714482425
2024-07-19,0.0,19094472001.5,0.022119846258583327,19111977644.75,0.02192290898885752,0.021898728157782682
2024-07-20,0.0,19094472001.5,0.013999587785708383,19111977644.75,0.013874303155344957,0.013858999886009167
2024-07-21,0.0,19094472001.5,0.007241685206964808,19111977644.75,0.00717857354641731,0.007170655624832521
2024-07-22,0.0,19094472001.5,0.0030711509868589326,19111977644.75,0.0030446889545704546,0.003041330681755323
2024-07-23,0.0,19094472001.5,0.0,19111977644.75,0.0,0.0
2024-07-24,0.0,19094472001.5,0.0,19111977644.75,0.0,0.0
2024-07-25,0.0,19094472001.5,0.0,19111977644.75,0.0,0.0
2024-07-26,0.0,19094472001.5,0.0,19111977644.75,0.0,0.0
2024-07-27,0.0,19094472001.5,0.0,19111977644.75,0.0,0.0
2024-07-28,0.0,19094472001.5,0.0,19111977644.75,0.0,0.0
2024-07-29,0.0,19094472001.5,0.0,19111977644.75,0.0,0.0
2024-07-30,0.0,19094472001.5,0.0,19111977644.75,0.0,0.0
2024-07-31,0.0,19094472001.5,0.0,19111977644.75,0.0,0.0
2024-08-01,0.0,19094472001.5,0.0,19111977644.75,0.0,0.0
2024-08-02,0.0,19094472001.5,0.0,19111977644.75,0.0,0.0
2024-08-03,0.0,19094472001.5,0.0,19111977644.75,0.0,0.0
2024-08-04,0.0,19094472001.5,0.0,19111977644.75,0.0,0.0
2024-08-05,0.0,19094472001.5,0.0,19111977644.75,0.0,0.0
2024-08-06,0.0,19094472001.5,0.0,19111977644.75,0.0,0.0
2024-08-07,0.0,19094472001.5,0.0,19111977644.75,0.0,0.0
2024-08-08,0.0,19094472001.5,0.0,19111977644.75,0.0,0.0
2024-08-09,0.0,19094472001.5,0.0,19111977644.75,0.0,0.0
2024-08-10,0.0,19094472001.5,0.0,19111977644.75,0.0,0.0
2024-08-11,0.0,19094472001.5,0.0,19111977644.75,0.0,0.0
2024-08-12,0.0,19094472001.5,0.0,19111977644.75,0.0,0.0
2024-08-13,0.0,19094472001.5,0.0,19111977644.75,0.0,0.0
2024-08-14,0.0,19094472001.5,0.0,19111977644.75,0.0,0.0
2024-08-15,0.0,19094472001.5,0.0,19111977644.75,0.0,0.0
2024-08-16,0.0,19094472001.5,0.0,19111977644.75,0.0,0.0
2024-08-17,0.0,19094472001.5,0.0,19111977644.75,0.0,0.0
2024-08-18,0.0,19094472001.5,0.0,19111977644.75,0.0,0.0
2024-08-19,0.0,19094472001.5,0.0,19111977644.75,0.0,0.0
2024-08-20,0.0,19094472001.5,0.0,19111977644.75,0.0,0.0
2024-08-21,0.0,19094472001.5,0.0,19111977644.75,0.0,0.0
2024-08-22,0.0,19094472001.5,0.0,19111977644.75,0.0,0.0
2024-08-23,0.0,19094472001.5,0.0,19111977644.75,0.0,0.0
2024-08-24,0.007900167677028253,19094472001.5,0.02230967307019509,19111977644.75,0.022296635998270975,0.022272042948649443
2024-08-25,0.03092351347865345,19094472001.5,0.023215715782178677,19111977644.75,0.02320469452650448,0.023179099894023277
2024-08-26,0.009576937959499553,19094472001.5,0.015824907851655082,19111977644.75,0.01583086772925564,0.015813406381469913
2024-08-27,0.0,19094472001.5,9.698371732166904e-05,19111977644.75,9.708429234138842e-05,9.697720897602299e-05
2024-08-28,0.0,19094472001.5,0.0,19111977644.75,0.0,0.0
2024-08-29,0.0,19094472001.5,0.0,19111977644.75,0.0,0.0
2024-08-30,0.0,19094472001.5,0.0,19111977644.75,0.0,0.0
2024-08-31,0.0,19094472001.5,0.0,19111977644.75,0.0,0.0
2024-09-01,0.0,19094472001.5,0.0,19111977644.75,0.0,0.0
2024-09-02,0.0,19094472001.5,0.0,19111977644.75,0.0,0.0
2024-09-03,0.0,19094472001.5,0.0,19111977644.75,0.0,0.0
2024-09-04,0.0,19094472001.5,0.0,19111977644.75,0.0,0.0
2024-09-05,0.0,19094472001.5,0.0,19111977644.75,0.0,0.0
2024-09-06,0.0,19094472001.5,0.0,19111977644.75,0.0,0.0
2024-09-07,0.0,19094472001.5,0.0,19111977644.75,0.0,0.0
2024-09-08,0.0,19094472001.5,0.0,19111977644.75,0.0,0.0
2024-09-09,0.0,19094472001.5,0.0,19111977644.75,0.0,0.0
2024-09-10,0.0,19094472001.5,0.0,19111977644.75,0.0,0.0
2024-09-11,0.0,19094472001.5,0.0,19111977644.75,0.0,0.0
2024-09-12,0.0,19094472001.5,0.01679412357704887,19111977644.75,0.016777980095693142,0.016759474088909227
2024-09-13,0.0,19094472001.5,0.013393145332676349,19111977644.75,0.013383957756656285,0.01336919533521892
2024-09-14,0.0,19094472001.5,0.003848673774233034,19111977644.75,0.0038482588010499423,0.0038440141957355773
2024-09-15,0.0,19094472001.5,0.00035560697122035984,19111977644.75,0.00035597572548984465,0.00035558308649794864
2024-09-16,0.0,19094472001.5,0.0008084951897321625,19111977644.75,0.0008083501449792958,0.0008074585398408081
2024-09-17,0.0,19094472001.5,0.0003232790500313234,19111977644.75,0.0003236143078046281,0.0003232573632534099
2024-09-18,0.0,19094472001.5,0.0002909511519650071,19111977644.75,0.0002912528901194115,0.0002909316400088711
2024-09-19,0.0,19094472001.5,0.0002909511519650071,19111977644.75,0.0002912528901194115,0.0002909316400088711
2024-09-20,0.0,19094472001.5,0.0002262953327096544,19111977644.75,0.00022653000236799343,0.00022628014119658468
2024-09-21,0.0,19094472001.5,0.0,19111977644.75,0.0,0.0
2024-09-22,0.0,19094472001.5,0.0,19111977644.75,0.0,0.0
2024-09-23,0.0,19094472001.5,0.0,19111977644.75,0.0,0.0
2024-09-24,0.0,19094472001.5,0.0,19111977644.75,0.0,0.0
2024-09-25,0.0,19094472001.5,0.0,19111977644.75,0.0,0.0
2024-09-26,0.0,19094472001.5,0.0,19111977644.75,0.0,0.0
2024-09-27,0.0,19094472001.5,0.0,19111977644.75,0.0,0.0
2024-09-28,0.0,19094472001.5,0.0,19111977644.75,0.0,0.0
2024-09-29,0.0,19094472001.5,0.0,19111977644.75,0.0,0.0
2024-09-30,0.0,19094472001.5,0.0,19111977644.75,0.0,0.0
